"id","name","created_at","updated_at"
1,"Simon & Garfunkel","2025-03-23 19:54:11","2025-03-23 19:54:11"
2,"The Beatles","2025-03-23 19:54:11","2025-03-23 19:54:11"
3,"Nirvana","2025-03-23 19:54:11","2025-03-23 19:54:11"
4,"Shubidua","2025-03-23 19:54:11","2025-03-23 19:54:11"
5,"The Boomtown Rats","2025-03-23 19:54:11","2025-03-23 19:54:11"
6,"Kliche","2025-03-23 19:54:11","2025-03-23 19:54:11"
7,"Passenger","2025-03-23 19:54:11","2025-03-23 19:54:11"
8,"Sneakers","2025-03-23 19:54:11","2025-03-23 19:54:11"
9,"Bryan Adams","2025-03-23 19:54:11","2025-03-23 19:54:11"
10,"Olivia Newton-John","2025-03-23 19:54:11","2025-03-23 19:54:11"
11,"Peter Belli","2025-03-23 19:54:11","2025-03-23 19:54:11"
12,"Robbie Williams","2025-03-23 19:54:11","2025-03-23 19:54:11"
13,"Klondyke","2025-03-23 19:54:11","2025-03-23 19:54:11"
14,"Genesis","2025-03-23 19:54:11","2025-03-23 19:54:11"
15,"Temptations","2025-03-23 19:54:11","2025-03-23 19:54:11"
16,"Katie Melua","2025-03-23 19:54:11","2025-03-23 19:54:11"
17,"Eagles","2025-03-23 19:54:11","2025-03-23 19:54:11"
18,"Johannes Møllehave","2025-03-23 19:54:11","2025-03-23 19:54:11"
19,"Fleetwood Mac","2025-03-23 19:54:11","2025-03-23 19:54:11"
20,"Katrine Muff Enevoldsen","2025-03-23 19:54:11","2025-03-23 19:54:11"
21,"J. Marks","2025-03-23 19:54:11","2025-03-23 19:54:11"
22,"Pink Floyd","2025-03-23 19:54:11","2025-03-23 19:54:11"
23,"Rasmus Seebach","2025-03-23 19:54:11","2025-03-23 19:54:11"
24,"Counting Crows","2025-03-23 19:54:11","2025-03-23 19:54:11"
25,"The B-52's","2025-03-23 19:54:11","2025-03-23 19:54:11"
26,"Steppeulvene","2025-03-23 19:54:11","2025-03-23 19:54:11"
27,"Electric Light Orchestra","2025-03-23 19:54:11","2025-03-23 19:54:11"
28,"Neil Young","2025-03-23 19:54:11","2025-03-23 19:54:11"
29,"Four Jacks","2025-03-23 19:54:11","2025-03-23 19:54:11"
30,"Pia Raug","2025-03-23 19:54:11","2025-03-23 19:54:11"
31,"Kim Larsen","2025-03-23 19:54:11","2025-03-23 19:54:11"
32,"Pink","2025-03-23 19:54:11","2025-03-23 19:54:11"
33,"Lou Reed","2025-03-23 19:54:11","2025-03-23 19:54:11"
34,"Roxy Music","2025-03-23 19:54:11","2025-03-23 19:54:11"
35,"Nancy Sinatra","2025-03-23 19:54:11","2025-03-23 19:54:11"
36,"Abba","2025-03-23 19:54:11","2025-03-23 19:54:11"
37,"Tom Petty","2025-03-23 19:54:11","2025-03-23 19:54:11"
38,"Bon Jovi","2025-03-23 19:54:11","2025-03-23 19:54:11"
39,"Kris Kristoffersen","2025-03-23 19:54:11","2025-03-23 19:54:11"
40,"Shit & Chanel","2025-03-23 19:54:11","2025-03-23 19:54:11"
41,"Spiritual","2025-03-23 19:54:11","2025-03-23 19:54:11"
42,"The Dubliners","2025-03-23 19:54:11","2025-03-23 19:54:11"
43,"Depeche Mode","2025-03-23 19:54:11","2025-03-23 19:54:11"
44,"Michael Jackson","2025-03-23 19:54:11","2025-03-23 19:54:11"
45,"Clausen & Petersen","2025-03-23 19:54:11","2025-03-23 19:54:11"
46,"PJ Harvey","2025-03-23 19:54:11","2025-03-23 19:54:11"
47,"Alicia Keys","2025-03-23 19:54:11","2025-03-23 19:54:11"
48,"Human League","2025-03-23 19:54:11","2025-03-23 19:54:11"
49,"Peter Gabriel","2025-03-23 19:54:11","2025-03-23 19:54:11"
50,"Willie Nelson","2025-03-23 19:54:11","2025-03-23 19:54:11"
51,"Pil","2025-03-23 19:54:11","2025-03-23 19:54:11"
52,"Oasis","2025-03-23 19:54:11","2025-03-23 19:54:11"
53,"Emil fra Lønneberg","2025-03-23 19:54:11","2025-03-23 19:54:11"
54,"Gangway","2025-03-23 19:54:11","2025-03-23 19:54:11"
55,"Blur","2025-03-23 19:54:11","2025-03-23 19:54:11"
56,"Daimi","2025-03-23 19:54:11","2025-03-23 19:54:11"
57,"Tom Waits","2025-03-23 19:54:11","2025-03-23 19:54:11"
58,"Bruce Springsteen","2025-03-23 19:54:11","2025-03-23 19:54:11"
59,"The Police","2025-03-23 19:54:11","2025-03-23 19:54:11"
60,"Pete Seeger","2025-03-23 19:54:11","2025-03-23 19:54:11"
61,"Frank Zappa","2025-03-23 19:54:11","2025-03-23 19:54:11"
62,"Edwyn Collins","2025-03-23 19:54:11","2025-03-23 19:54:11"
63,"Kris Kristofferson","2025-03-23 19:54:11","2025-03-23 19:54:11"
64,"Dolly Parton","2025-03-23 19:54:11","2025-03-23 19:54:11"
65,"Pointer Sisters","2025-03-23 19:54:11","2025-03-23 19:54:11"
66,"Kai Normann Andersen","2025-03-23 19:54:11","2025-03-23 19:54:11"
67,"Johnny Madsen","2025-03-23 19:54:11","2025-03-23 19:54:11"
68,"Pil & Andreas Odbjerg","2025-03-23 19:54:11","2025-03-23 19:54:11"
69,"Minds of 99","2025-03-23 19:54:11","2025-03-23 19:54:11"
70,"Phil Collins","2025-03-23 19:54:11","2025-03-23 19:54:11"
71,"Roy Orbinson","2025-03-23 19:54:11","2025-03-23 19:54:11"
72,"Free","2025-03-23 19:54:11","2025-03-23 19:54:11"
73,"Diverse","2025-03-23 19:54:11","2025-03-23 19:54:11"
74,"TV2","2025-03-23 19:54:11","2025-03-23 19:54:11"
75,"Mentor Williams","2025-03-23 19:54:11","2025-03-23 19:54:11"
76,"Uncle Kracker","2025-03-23 19:54:11","2025-03-23 19:54:11"
77,"Babybird","2025-03-23 19:54:11","2025-03-23 19:54:11"
78,"Phil Spector","2025-03-23 19:54:11","2025-03-23 19:54:11"
79,"Aerosmith","2025-03-23 19:54:11","2025-03-23 19:54:11"
80,"Marvin Gaye","2025-03-23 19:54:11","2025-03-23 19:54:11"
81,"Bloodhound Gang","2025-03-23 19:54:11","2025-03-23 19:54:11"
82,"Eric Clapton","2025-03-23 19:54:11","2025-03-23 19:54:11"
83,"Teddy Petersen","2025-03-23 19:54:11","2025-03-23 19:54:11"
84,"Nephew","2025-03-23 19:54:11","2025-03-23 19:54:11"
85,"Brenda Lee","2025-03-23 19:54:11","2025-03-23 19:54:11"
86,"Isobel Campbell","2025-03-23 19:54:11","2025-03-23 19:54:11"
87,"Buena vista social club","2025-03-23 19:54:11","2025-03-23 19:54:11"
88,"Crash test dummies","2025-03-23 19:54:11","2025-03-23 19:54:11"
89,"Shakin Stevens","2025-03-23 19:54:11","2025-03-23 19:54:11"
90,"Halberg-Larsen","2025-03-23 19:54:11","2025-03-23 19:54:11"
91,"Otto Brandenburg","2025-03-23 19:54:11","2025-03-23 19:54:11"
92,"Ray Parker Junior","2025-03-23 19:54:11","2025-03-23 19:54:11"
93,"Meat Loaf","2025-03-23 19:54:11","2025-03-23 19:54:11"
94,"Calloway","2025-03-23 19:54:11","2025-03-23 19:54:11"
95,"Radiohead","2025-03-23 19:54:11","2025-03-23 19:54:11"
96,"Tue West","2025-03-23 19:54:11","2025-03-23 19:54:11"
97,"Poul Krebs","2025-03-23 19:54:11","2025-03-23 19:54:11"
98,"Richard Hawley","2025-03-23 19:54:11","2025-03-23 19:54:11"
99,"Duke Ellington","2025-03-23 19:54:11","2025-03-23 19:54:11"
100,"Tears for Fears","2025-03-23 19:54:11","2025-03-23 19:54:11"
101,"Gillian Welch","2025-03-23 19:54:11","2025-03-23 19:54:11"
102,"Poul Kjøller","2025-03-23 19:54:11","2025-03-23 19:54:11"
103,"Al Green","2025-03-23 19:54:11","2025-03-23 19:54:11"
104,"Dead or Alive","2025-03-23 19:54:11","2025-03-23 19:54:11"
105,"Sko & Torp","2025-03-23 19:54:11","2025-03-23 19:54:11"
106,"Suede","2025-03-23 19:54:11","2025-03-23 19:54:11"
107,"Marc Anthony","2025-03-23 19:54:11","2025-03-23 19:54:11"
108,"Brandi Carlile","2025-03-23 19:54:11","2025-03-23 19:54:11"
109,"Daniel Lanois","2025-03-23 19:54:11","2025-03-23 19:54:11"
110,"Allan Olsen","2025-03-23 19:54:11","2025-03-23 19:54:11"
111,"Sebastian","2025-03-23 19:54:11","2025-03-23 19:54:11"
112,"Tøsedrengene","2025-03-23 19:54:11","2025-03-23 19:54:11"
113,"Robert Palmer","2025-03-23 19:54:11","2025-03-23 19:54:11"
114,"Santana","2025-03-23 19:54:11","2025-03-23 19:54:11"
115,"Paul McCartney","2025-03-23 19:54:11","2025-03-23 19:54:11"
116,"Sam Cooke","2025-03-23 19:54:11","2025-03-23 19:54:11"
117,"The band","2025-03-23 19:54:11","2025-03-23 19:54:11"
118,"Roxette","2025-03-23 19:54:11","2025-03-23 19:54:11"
119,"Trad.","2025-03-23 19:54:11","2025-03-23 19:54:11"
120,"Matchbox","2025-03-23 19:54:11","2025-03-23 19:54:11"
121,"Beatles","2025-03-23 19:54:11","2025-03-23 19:54:11"
122,"AC/DC","2025-03-23 19:54:11","2025-03-23 19:54:11"
123,"John Lenneon - John Denver","2025-03-23 19:54:11","2025-03-23 19:54:11"
124,"Grandmaster Flash & The Furious Five","2025-03-23 19:54:11","2025-03-23 19:54:11"
125,"Chubby Checker","2025-03-23 19:54:11","2025-03-23 19:54:11"
126,"Duran Duran","2025-03-23 19:54:11","2025-03-23 19:54:11"
127,"Dire Straits","2025-03-23 19:54:11","2025-03-23 19:54:11"
128,"Melissa Etheridge","2025-03-23 19:54:11","2025-03-23 19:54:11"
129,"Loretta Lynn","2025-03-23 19:54:11","2025-03-23 19:54:11"
130,"The Avett Brothers","2025-03-23 19:54:11","2025-03-23 19:54:11"
131,"Fats Domino","2025-03-23 19:54:11","2025-03-23 19:54:11"
132,"The Kinks","2025-03-23 19:54:11","2025-03-23 19:54:11"
133,"Alphaville","2025-03-23 19:54:11","2025-03-23 19:54:11"
134,"Jason Mraz","2025-03-23 19:54:11","2025-03-23 19:54:11"
135,"Bjørn Tidmand","2025-03-23 19:54:11","2025-03-23 19:54:11"
136,"Beach Boys","2025-03-23 19:54:11","2025-03-23 19:54:11"
137,"Mads Langer","2025-03-23 19:54:11","2025-03-23 19:54:11"
138,"Elton John","2025-03-23 19:54:11","2025-03-23 19:54:11"
139,"U2","2025-03-23 19:54:11","2025-03-23 19:54:11"
140,"The Rolling Stones","2025-03-23 19:54:11","2025-03-23 19:54:11"
141,"Nik Kershaw","2025-03-23 19:54:11","2025-03-23 19:54:11"
142,"The Doobie Brothers","2025-03-23 19:54:11","2025-03-23 19:54:11"
143,"Halfdan Rasmussen","2025-03-23 19:54:11","2025-03-23 19:54:11"
144,"Miriam Makeba","2025-03-23 19:54:11","2025-03-23 19:54:11"
145,"Erik Clausen og Leif Sylvester Petersen","2025-03-23 19:54:11","2025-03-23 19:54:11"
146,"Robyn","2025-03-23 19:54:11","2025-03-23 19:54:11"
147,"Kim Wilde","2025-03-23 19:54:11","2025-03-23 19:54:11"
148,"Miss Dasia Hackett ","2025-03-23 19:54:11","2025-03-23 19:54:11"
149,"Black Crowes","2025-03-23 19:54:11","2025-03-23 19:54:11"
150,"Britney Spears","2025-03-23 19:54:11","2025-03-23 19:54:11"
151,"Greg Holden","2025-03-23 19:54:11","2025-03-23 19:54:11"
152,"Bobby Mcferrin","2025-03-23 19:54:11","2025-03-23 19:54:11"
153,"Chris Deburgh","2025-03-23 19:54:11","2025-03-23 19:54:11"
154,"Monty Python","2025-03-23 19:54:11","2025-03-23 19:54:11"
155,"Sara Grabow","2025-03-23 19:54:11","2025-03-23 19:54:11"
156,"Mike Oldfield","2025-03-23 19:54:11","2025-03-23 19:54:11"
157,"De gyldne løver","2025-03-23 19:54:11","2025-03-23 19:54:11"
158,"Norman Krieg","2025-03-23 19:54:11","2025-03-23 19:54:11"
159,"Sade","2025-03-23 19:54:11","2025-03-23 19:54:11"
160,"Ray Dee Ohh","2025-03-23 19:54:11","2025-03-23 19:54:11"
161,"Frank Sinatra","2025-03-23 19:54:11","2025-03-23 19:54:11"
162,"The Doors","2025-03-23 19:54:11","2025-03-23 19:54:11"
163,"Ralph McTell","2025-03-23 19:54:11","2025-03-23 19:54:11"
164,"The Magnetic Fields","2025-03-23 19:54:11","2025-03-23 19:54:11"
165,"Wilson Pickett","2025-03-23 19:54:11","2025-03-23 19:54:11"
166,"Backstreet Boys","2025-03-23 19:54:11","2025-03-23 19:54:11"
167,"Gasolin","2025-03-23 19:54:11","2025-03-23 19:54:11"
168,"Bob Marley","2025-03-23 19:54:11","2025-03-23 19:54:11"
169,"Jimmy Cliff","2025-03-23 19:54:11","2025-03-23 19:54:11"
170,"Heinze","2025-03-23 19:54:11","2025-03-23 19:54:11"
171,"Dy Plambeck","2025-03-23 19:54:11","2025-03-23 19:54:11"
172,"David Bowie","2025-03-23 19:54:11","2025-03-23 19:54:11"
173,"ZZ Top","2025-03-23 19:54:11","2025-03-23 19:54:11"
174,"Albert Hammond","2025-03-23 19:54:11","2025-03-23 19:54:11"
175,"TuPac","2025-03-23 19:54:11","2025-03-23 19:54:11"
176,"Paul Simon","2025-03-23 19:54:11","2025-03-23 19:54:11"
177,"Ulige Numre","2025-03-23 19:54:11","2025-03-23 19:54:11"
178,"Anders Matthesen","2025-03-23 19:54:11","2025-03-23 19:54:11"
179,"Nick Cave","2025-03-23 19:54:11","2025-03-23 19:54:11"
180,"Suzi Quatro","2025-03-23 19:54:11","2025-03-23 19:54:11"
181,"Bob Dylan","2025-03-23 19:54:11","2025-03-23 19:54:11"
182,"Søren Kragh Jacobsen","2025-03-23 19:54:11","2025-03-23 19:54:11"
183,"Rixton","2025-03-23 19:54:11","2025-03-23 19:54:11"
184,"Traveling Wilburys","2025-03-23 19:54:11","2025-03-23 19:54:11"
185,"The Verve","2025-03-23 19:54:11","2025-03-23 19:54:11"
186,"John Fogerty","2025-03-23 19:54:11","2025-03-23 19:54:11"
187,"Ugly Kid Joe","2025-03-23 19:54:11","2025-03-23 19:54:11"
188,"Jimi Hendrix","2025-03-23 19:54:11","2025-03-23 19:54:11"
189,"The Clash","2025-03-23 19:54:11","2025-03-23 19:54:11"
190,"Julie Maria & Nikolaj Busk","2025-03-23 19:54:11","2025-03-23 19:54:11"
191,"Ozzy Osbourne","2025-03-23 19:54:11","2025-03-23 19:54:11"
192,"Badfinger","2025-03-23 19:54:11","2025-03-23 19:54:11"
193,"Aage Stentoft","2025-03-23 19:54:11","2025-03-23 19:54:11"
194,"Sweet","2025-03-23 19:54:11","2025-03-23 19:54:11"
195,"Liller","2025-03-23 19:54:11","2025-03-23 19:54:11"
196,"Garth Brooks","2025-03-23 19:54:11","2025-03-23 19:54:11"
197,"Mary Black","2025-03-23 19:54:11","2025-03-23 19:54:11"
198,"Drengene fra Angora","2025-03-23 19:54:11","2025-03-23 19:54:11"
199,"Guns N' Roses","2025-03-23 19:54:11","2025-03-23 19:54:11"
200,"Thomas Helmig","2025-03-23 19:54:11","2025-03-23 19:54:11"
201,"Men Without Hats","2025-03-23 19:54:11","2025-03-23 19:54:11"
202,"Tim Christensen","2025-03-23 19:54:11","2025-03-23 19:54:11"
203,"Natalie Imbruglia","2025-03-23 19:54:11","2025-03-23 19:54:11"
204,"Lady Gaga","2025-03-23 19:54:11","2025-03-23 19:54:11"
205,"Gloria Gaynor/Cake","2025-03-23 19:54:11","2025-03-23 19:54:11"
206,"Dieters Lieder","2025-03-23 19:54:11","2025-03-23 19:54:11"
207,"Randy Travis","2025-03-23 19:54:11","2025-03-23 19:54:11"
208,"Anastacia","2025-03-23 19:54:11","2025-03-23 19:54:11"
209,"Jakob Sveistrup","2025-03-23 19:54:11","2025-03-23 19:54:11"
210,"Ry Cooder","2025-03-23 19:54:11","2025-03-23 19:54:11"
211,"Bette Midler","2025-03-23 19:54:11","2025-03-23 19:54:11"
212,"Peter Vesth","2025-03-23 19:54:11","2025-03-23 19:54:11"
213,"Scissor Sisters","2025-03-23 19:54:11","2025-03-23 19:54:11"
214,"Bill Withers","2025-03-23 19:54:11","2025-03-23 19:54:11"
215,"Reef","2025-03-23 19:54:11","2025-03-23 19:54:11"
216,"KC & The Sunshine Band","2025-03-23 19:54:11","2025-03-23 19:54:11"
217,"Landsholdet","2025-03-23 19:54:11","2025-03-23 19:54:11"
218,"Don McLean","2025-03-23 19:54:11","2025-03-23 19:54:11"
219,"Lifehouse","2025-03-23 19:54:11","2025-03-23 19:54:11"
220,"D-A-D","2025-03-23 19:54:11","2025-03-23 19:54:11"
221,"C.V. Jørgensen","2025-03-23 19:54:11","2025-03-23 19:54:11"
222,"David Bowie/mick Jagger","2025-03-23 19:54:11","2025-03-23 19:54:11"
223,"D:Ream","2025-03-23 19:54:11","2025-03-23 19:54:11"
224,"Green Day","2025-03-23 19:54:11","2025-03-23 19:54:11"
225,"Shu-bi-dua","2025-03-23 19:54:11","2025-03-23 19:54:11"
226,"Danseorkestret","2025-03-23 19:54:11","2025-03-23 19:54:11"
227,"Kenny Loggins","2025-03-23 19:54:11","2025-03-23 19:54:11"
228,"Scott McKenzie","2025-03-23 19:54:11","2025-03-23 19:54:11"
229,"Kylie Minogue","2025-03-23 19:54:11","2025-03-23 19:54:11"
230,"Smash Mouth","2025-03-23 19:54:11","2025-03-23 19:54:11"
231,"Rodriguez","2025-03-23 19:54:11","2025-03-23 19:54:11"
232,"Medina","2025-03-23 19:54:11","2025-03-23 19:54:11"
233,"Slade","2025-03-23 19:54:11","2025-03-23 19:54:11"
234,"Sort Sol","2025-03-23 19:54:11","2025-03-23 19:54:11"
235,"Slåbrock Band","2025-03-23 19:54:11","2025-03-23 19:54:11"
236,"Percy Slegde","2025-03-23 19:54:11","2025-03-23 19:54:11"
237,"Train","2025-03-23 19:54:11","2025-03-23 19:54:11"
238,"Dr. Hook","2025-03-23 19:54:11","2025-03-23 19:54:11"
239,"Dodo & the Dodos","2025-03-23 19:54:11","2025-03-23 19:54:11"
240,"Volbeat","2025-03-23 19:54:11","2025-03-23 19:54:11"
241,"Johnny Cash","2025-03-23 19:54:11","2025-03-23 19:54:11"
242,"Delta Spirit","2025-03-23 19:54:11","2025-03-23 19:54:11"
243,"T.L.C.","2025-03-23 19:54:11","2025-03-23 19:54:11"
244,"Crowded House","2025-03-23 19:54:11","2025-03-23 19:54:11"
245,"John Lennon","2025-03-23 19:54:11","2025-03-23 19:54:11"
246,"Nanna","2025-03-23 19:54:11","2025-03-23 19:54:11"
247,"Tom Paxton","2025-03-23 19:54:11","2025-03-23 19:54:11"
248,"The Hollies","2025-03-23 19:54:11","2025-03-23 19:54:11"
249,"","2025-03-23 19:54:11","2025-03-23 19:54:11"
250,"Laid Back","2025-03-23 19:54:11","2025-03-23 19:54:11"
251,"Tobias Rahim & Andreas Odbjerg","2025-03-23 19:54:11","2025-03-23 19:54:11"
252,"Andreas Odbjerg","2025-03-23 19:54:11","2025-03-23 19:54:11"
253,"The Platters","2025-03-23 19:54:11","2025-03-23 19:54:11"
254,"Kenny Rogers","2025-03-23 19:54:11","2025-03-23 19:54:11"
255,"Michael Learns to rock","2025-03-23 19:54:11","2025-03-23 19:54:11"
256,"The Buggles","2025-03-23 19:54:11","2025-03-23 19:54:11"
257,"Tobias Rahim","2025-03-23 19:54:11","2025-03-23 19:54:11"
258,"Bjarne Jes Hansen","2025-03-23 19:54:11","2025-03-23 19:54:11"
259,"Chuck Berry","2025-03-23 19:54:11","2025-03-23 19:54:11"
260,"Harry Belafonte","2025-03-23 19:54:11","2025-03-23 19:54:11"
261,"Wild Cherry","2025-03-23 19:54:11","2025-03-23 19:54:11"
262,"Ottowan","2025-03-23 19:54:11","2025-03-23 19:54:11"
263,"Beastie Boys","2025-03-23 19:54:11","2025-03-23 19:54:11"
264,"Joan Jett","2025-03-23 19:54:11","2025-03-23 19:54:11"
265,"John Denver","2025-03-23 19:54:11","2025-03-23 19:54:11"
266,"Poison","2025-03-23 19:54:11","2025-03-23 19:54:11"
267,"Dean Martin","2025-03-23 19:54:11","2025-03-23 19:54:11"
268,"Janne Mark","2025-03-23 19:54:11","2025-03-23 19:54:11"
269,"Povl Dissing","2025-03-23 19:54:11","2025-03-23 19:54:11"
270,"Gerry & The Pacemakers","2025-03-23 19:54:11","2025-03-23 19:54:11"
271,"Gary Portnoy","2025-03-23 19:54:11","2025-03-23 19:54:11"
272,"Rihanna","2025-03-23 19:54:11","2025-03-23 19:54:11"
273,"Macy Gray","2025-03-23 19:54:11","2025-03-23 19:54:11"
274,"Dusty Springfield","2025-03-23 19:54:11","2025-03-23 19:54:11"
275,"John Mogensen","2025-03-23 19:54:11","2025-03-23 19:54:11"
276,"The Offspring","2025-03-23 19:54:11","2025-03-23 19:54:11"
277,"Leonard Cohen","2025-03-23 19:54:11","2025-03-23 19:54:11"
278,"John Grant","2025-03-23 19:54:11","2025-03-23 19:54:11"
279,"Kashmir","2025-03-23 19:54:11","2025-03-23 19:54:11"
280,"Lynyrd Skynyrd","2025-03-23 19:54:11","2025-03-23 19:54:11"
281,"Brødrene Olsen","2025-03-23 19:54:11","2025-03-23 19:54:11"
282,"Nanna Lüders","2025-03-23 19:54:11","2025-03-23 19:54:11"
283,"Coldplay","2025-03-23 19:54:11","2025-03-23 19:54:11"
284,"I Got You On Tape","2025-03-23 19:54:11","2025-03-23 19:54:11"
285,"Teddy Edelmand","2025-03-23 19:54:11","2025-03-23 19:54:11"
286,"Ed Sheeran","2025-03-23 19:54:11","2025-03-23 19:54:11"
287,"John Travolta - Olivia Newton John","2025-03-23 19:54:11","2025-03-23 19:54:11"
288,"Mariah Carey","2025-03-23 19:54:11","2025-03-23 19:54:11"
289,"Elvis Presley","2025-03-23 19:54:11","2025-03-23 19:54:11"
290,"Muse","2025-03-23 19:54:11","2025-03-23 19:54:11"
291,"Brix","2025-03-23 19:54:11","2025-03-23 19:54:11"
292,"The Beach Boys","2025-03-23 19:54:11","2025-03-23 19:54:11"
293,"Dolly Parton & Kenny Rogers","2025-03-23 19:54:11","2025-03-23 19:54:11"
294,"Boney M","2025-03-23 19:54:11","2025-03-23 19:54:11"
295,"Sam Smith","2025-03-23 19:54:11","2025-03-23 19:54:11"
296,"Neil Diamond","2025-03-23 19:54:11","2025-03-23 19:54:11"
297,"Ray Charles","2025-03-23 19:54:11","2025-03-23 19:54:11"
298,"Shocking blue","2025-03-23 19:54:11","2025-03-23 19:54:11"
299,"Prince & The Revolution","2025-03-23 19:54:11","2025-03-23 19:54:11"
300,"The Calling","2025-03-23 19:54:11","2025-03-23 19:54:11"
301,"Blink 182","2025-03-23 19:54:11","2025-03-23 19:54:11"
302,"INXS","2025-03-23 19:54:11","2025-03-23 19:54:11"
303,"Glen Cambell","2025-03-23 19:54:11","2025-03-23 19:54:11"
304,"Stevie Ray Vaughan","2025-03-23 19:54:11","2025-03-23 19:54:11"
305,"David Lee Roth","2025-03-23 19:54:11","2025-03-23 19:54:11"
306,"Chasity Hackett ","2025-03-23 19:54:11","2025-03-23 19:54:11"
307,"Gnags","2025-03-23 19:54:11","2025-03-23 19:54:11"
308,"Foo fighters","2025-03-23 19:54:11","2025-03-23 19:54:11"
309,"Otis Redding","2025-03-23 19:54:11","2025-03-23 19:54:11"
310,"Woody Guthrie","2025-03-23 19:54:11","2025-03-23 19:54:11"
311,"Janis Joplin","2025-03-23 19:54:11","2025-03-23 19:54:11"
312,"Ronan Keating","2025-03-23 19:54:11","2025-03-23 19:54:11"
313,"Grethe & Jörgen Ingmann","2025-03-23 19:54:11","2025-03-23 19:54:11"
314,"Ryan Adams","2025-03-23 19:54:11","2025-03-23 19:54:11"
315,"Joan Osbourne","2025-03-23 19:54:11","2025-03-23 19:54:11"
316,"Lenny Kravitz","2025-03-23 19:54:11","2025-03-23 19:54:11"
317,"Pulp","2025-03-23 19:54:11","2025-03-23 19:54:11"
318,"The Box Tops","2025-03-23 19:54:11","2025-03-23 19:54:11"
319,"Talking Heads","2025-03-23 19:54:11","2025-03-23 19:54:11"
320,"Tommy Seebach","2025-03-23 19:54:11","2025-03-23 19:54:11"
321,"Emmylou Harris, Alison Krauss and Gillian Welch","2025-03-23 19:54:11","2025-03-23 19:54:11"
322,"Steppenwolf","2025-03-23 19:54:11","2025-03-23 19:54:11"
323,"Lucas Graham","2025-03-23 19:54:11","2025-03-23 19:54:11"
324,"Apacha","2025-03-23 19:54:11","2025-03-23 19:54:11"
325,"Tørfisk","2025-03-23 19:54:11","2025-03-23 19:54:11"
326,"Lars Lilholt","2025-03-23 19:54:11","2025-03-23 19:54:11"
327,"Steve Miller Band","2025-03-23 19:54:11","2025-03-23 19:54:11"
328,"Creedence Clearwater Revival","2025-03-23 19:54:11","2025-03-23 19:54:11"
329,"Rugsted & Kreutzfelt","2025-03-23 19:54:11","2025-03-23 19:54:11"
330,"Wet Wet Wet","2025-03-23 19:54:11","2025-03-23 19:54:11"
331,"De Nattergale","2025-03-23 19:54:11","2025-03-23 19:54:11"
332,"Jacks Terry","2025-03-23 19:54:11","2025-03-23 19:54:11"
333,"Lone Kellerman/Gasolin","2025-03-23 19:54:11","2025-03-23 19:54:11"
334,"Anne Linnet","2025-03-23 19:54:11","2025-03-23 19:54:11"
335,"Nice Little Penguins","2025-03-23 19:54:11","2025-03-23 19:54:11"
336,"Elvis","2025-03-23 19:54:11","2025-03-23 19:54:11"
337,"Buffalo Springfield","2025-03-23 19:54:11","2025-03-23 19:54:11"
338,"Foreigner","2025-03-23 19:54:11","2025-03-23 19:54:11"
339,"Eva Madsen","2025-03-23 19:54:11","2025-03-23 19:54:11"
340,"Bamses Venner","2025-03-23 19:54:11","2025-03-23 19:54:11"
341,"Kent","2025-03-23 19:54:11","2025-03-23 19:54:11"
342,"No doubt","2025-03-23 19:54:11","2025-03-23 19:54:11"
343,"Carole King","2025-03-23 19:54:11","2025-03-23 19:54:11"
344,"The Cranberries","2025-03-23 19:54:11","2025-03-23 19:54:11"
345,"Beck","2025-03-23 19:54:11","2025-03-23 19:54:11"
346,"George Michael","2025-03-23 19:54:11","2025-03-23 19:54:11"
347,"The the","2025-03-23 19:54:11","2025-03-23 19:54:11"
348,"Søren Kragh Jakobsen","2025-03-23 19:54:11","2025-03-23 19:54:11"
349,"Shawn Mullins","2025-03-23 19:54:11","2025-03-23 19:54:11"
350,"Niels Hausgaard","2025-03-23 19:54:11","2025-03-23 19:54:11"
351,"Danser med drenge","2025-03-23 19:54:11","2025-03-23 19:54:11"
352,"Afroman","2025-03-23 19:54:11","2025-03-23 19:54:11"
353,"Gnarls Barkley","2025-03-23 19:54:11","2025-03-23 19:54:11"
354,"Soggy Bottom Boys","2025-03-23 19:54:11","2025-03-23 19:54:11"
355,"La India","2025-03-23 19:54:11","2025-03-23 19:54:11"
356,"Cornershop","2025-03-23 19:54:11","2025-03-23 19:54:11"
357,"Eurythmics","2025-03-23 19:54:11","2025-03-23 19:54:11"
358,"Kiss","2025-03-23 19:54:11","2025-03-23 19:54:11"
359,"Primal Scream","2025-03-23 19:54:11","2025-03-23 19:54:11"
360,"Madonna","2025-03-23 19:54:11","2025-03-23 19:54:11"
361,"Tom Jones","2025-03-23 19:54:11","2025-03-23 19:54:11"
362,"Rasmus Walter","2025-03-23 19:54:11","2025-03-23 19:54:11"
363,"EmmyLou Harris","2025-03-23 19:54:11","2025-03-23 19:54:11"
364,"Van Morrison","2025-03-23 19:54:11","2025-03-23 19:54:11"
365,"Sugarhill Gang","2025-03-23 19:54:11","2025-03-23 19:54:11"
366,"Dalton","2025-03-23 19:54:11","2025-03-23 19:54:11"
367,"Louis Armstrong","2025-03-23 19:54:11","2025-03-23 19:54:11"
368,"Lionel Richie","2025-03-23 19:54:11","2025-03-23 19:54:11"
369,"Bee Gees","2025-03-23 19:54:11","2025-03-23 19:54:11"
370,"MC Einar","2025-03-23 19:54:11","2025-03-23 19:54:11"
371,"REM","2025-03-23 19:54:11","2025-03-23 19:54:11"
372,"Rocazino","2025-03-23 19:54:11","2025-03-23 19:54:11"
373,"George Ezra","2025-03-23 19:54:11","2025-03-23 19:54:11"
374,"Smokie","2025-03-23 19:54:11","2025-03-23 19:54:11"
375,"The Dandy Warhols","2025-03-23 19:54:11","2025-03-23 19:54:11"
376,"Chris Stapleton","2025-03-23 19:54:11","2025-03-23 19:54:11"
377,"Manu Chao","2025-03-23 19:54:11","2025-03-23 19:54:11"
378,"Alanis Morrissette","2025-03-23 19:54:11","2025-03-23 19:54:11"
379,"Wham","2025-03-23 19:54:11","2025-03-23 19:54:11"
380,"Tracy Chapman","2025-03-23 19:54:11","2025-03-23 19:54:11"
381,"Nickelback","2025-03-23 19:54:11","2025-03-23 19:54:11"
382,"Queen","2025-03-23 19:54:11","2025-03-23 19:54:11"
383,"Travis","2025-03-23 19:54:11","2025-03-23 19:54:11"
384,"MGMT","2025-03-23 19:54:11","2025-03-23 19:54:11"
385,"Bruno Mars","2025-03-23 19:54:11","2025-03-23 19:54:11"
386,"The Rumour Said Fire","2025-03-23 19:54:11","2025-03-23 19:54:11"
387,"Vagn & Vagabonderne","2025-03-23 19:54:11","2025-03-23 19:54:11"
388,"Stevie Wonder","2025-03-23 19:54:11","2025-03-23 19:54:11"
389,"Paul Young","2025-05-01 20:02:00","2025-05-01 20:02:00"
390,"Haddaway","2025-05-13 10:47:43","2025-05-13 10:47:43"
391,"Maroon 5","2025-05-13 10:52:46","2025-05-13 10:52:46"
392,"The Trammps","2025-05-13 10:55:33","2025-05-13 10:55:33"
393,"Erasure","2025-05-13 14:45:03","2025-05-13 14:45:03"
394,"Joe Cocker","2025-05-13 14:58:38","2025-05-13 14:58:38"
395,"Pomplamoose","2025-05-13 15:06:26","2025-05-13 15:06:26"
406,"Sofie Skovgaard","2025-05-22 11:04:28","2025-05-22 11:04:28"
407,"Annika Aakjaer","2025-05-28 16:41:24","2025-05-28 16:41:24"
